MAE,MSE,RMSE,Median_AE,R2_Score
4.5020318031311035,42.265628814697266,6.501202105356922,3.0526933670043945,0.8925868272781372
