True_Value,Predicted_Value,Error
2,61.819443,59.81944274902344
4,49.13701,45.13700866699219
3,47.13746,44.13745880126953
50,87.10629,37.106292724609375
36,72.85837,36.858367919921875
12,48.3024,36.302398681640625
53,17.095436,35.904563903808594
26,60.63989,34.639888763427734
10,44.158405,34.15840530395508
26,59.440502,33.44050216674805
